App name,Updated,Installs,Rating,Email,Address
Calculator,"February 7, 2017",1000000+,4.5,xlythe@gmail.com,"200 Rector Pl, Apt 4F
New York, NY 10280"
Urban - Book wellness at home,"May 20, 2019",50000+,4.4,info@urbanmassage.com,
Equilab - Equestrian Tracker,"May 15, 2019",100000+,4.1,feedback@equilab.horse,"Holtermansgatan 1c
Gothenburg
Sweden"
Pulse SMS (Phone/Tablet/Web),"May 16, 2019",1000000+,4.6,luke@klinkerapps.com,"1218 NE 49th St
Ankeny, IA 50021"
Photo Wear Watch Face (for Wear OS),"May 19, 2019",500000+,4.3,support@sparkistic.com,"PO BOX 503691
SAN DIEGO CA 92150-3691"
Thermal Camera HD Effect,"June 5, 2018",1000000+,3.1,just4funhelp@gmail.com,"Just4Fun Mobile Sp. z o.o.
Polna 31, 05-800 Pruszk√≥w, Poland"
Ultra Watch Face,"February 15, 2019",100000+,3.8,richface.watch@gmail.com,"3430 Tulln an der Donau
Austria"
Google Pinyin Input,"December 12, 2018",100000000+,4.0,apps-help@google.com,"1600 Amphitheatre Parkway, Mountain View 94043"
Messages for Wear OS (Android Wear),"May 7, 2019",500000+,3.6,info@appfour.com,"appfour GmbH
Marie-Juchacz-Str 7
76137 Karlsruhe
Germany"
Polar Flow ‚Äì Sync & Analyze,"May 15, 2019",1000000+,3.9,customercare@polar.com,"Polar Electro Oy
Professorintie 5,
90440 Kempele
FINLAND"
Yr,"May 8, 2019",5000000+,4.2,support@yr.no,
Seven - 7 Minute Workout,"May 20, 2019",1000000+,4.5,support@perigee.se,"Gustav Adolfs Torg 10A
211 39 Malm√∂
Sweden"
MR.TIME - Free Watch Face Maker,"May 14, 2019",1000000+,4.1,mrtimemaker@apposter.com,"2F, J Studio, 28, Donggyo-ro 25-gil, Mapo-gu, Seoul, Republic of Korea, 03993"
Google Japanese Input,"February 25, 2019",100000000+,4.0,apps-help@google.com,"1600 Amphitheatre Parkway, Mountain View 94043"
Feisar Watch Face,"May 19, 2019",10000+,4.5,thema.apps@gmail.com,"Plaisir
FRANCE"
Keep Trainer - Workout Trainer & Fitness Coach,"March 12, 2019",5000000+,4.7,support@gotokeep.com,"Dongcheng, Beijing, People‚Äôs Republic of China."
"Wego Flights, Hotels, Travel Deals Booking App","May 16, 2019",10000000+,4.5,mobile@wego.com,
Water Balance üíß Tracker & Drink Reminder,"May 12, 2019",5000000+,4.7,mobilecreatures@gmail.com,"Russian Federation, Saint Petersburg, Grazhdanskaya street 9-17"
Google Apps Device Policy,"March 21, 2019",10000000+,3.6,device-policy-feedback@google.com,"1600 Amphitheatre Parkway, Mountain View 94043"
Find my phone,"May 2, 2019",1000000+,3.0,find.phone.app@gmail.com,"Sholohova st.
Dnepropetrovsk 49000
–£–∫—Ä–∞–∏–Ω–∞"
Heart Rate Plus - Pulse & Heart Rate Monitor,"April 16, 2019",1000000+,4.3,pvdapps.com@gmail.com,"92 Nguyen Khanh Toan, Cau Giay, Hanoi, Vietnam"
Marine Commander Watch Face for WearOS,"April 8, 2019",100000+,4.6,support@bosenko.com,"Varshavskoe shosse, 25, bld 6,
Moscow, Russia"
Hue Essentials - Philips Hue & IKEA TR√ÖDFRI,"April 27, 2019",100000+,4.5,support@hueessentials.com,"Bedum, The Netherlands"
"Podcast Republic - Podcasts, Radios and RSS feeds","May 13, 2019",1000000+,4.5,tech@podcastrepublic.net,"14271 Jeffery Rd #294, Irvine, CA 92620"
1000+ Watch Faces,"April 26, 2019",100000+,3.7,kjsk.developers@gmail.com,
"Camera Remote: Wear OS, Galaxy Watch, Gear S3 App","March 12, 2019",100000+,4.3,dimas@kemasdimas.com,"Weave Space, 3rd Floor
One PM Building
Jl. Boulevard Gading Serpong, Kav M5 no. 17-18"
Virtual Lighter,"May 10, 2019",5000000+,4.1,just4funhelp@gmail.com,"Just4Fun Mobile Sp. z o.o.
Polna 31, 05-800 Pruszk√≥w, Poland"
Fake GPS Location PRO,"May 10, 2019",500000+,4.4,just4funhelp@gmail.com,"Just4Fun Mobile Sp. z o.o.
Polna 31, 05-800 Pruszk√≥w, Poland"
MyFord Mobile,"May 6, 2019",100000+,2.5,support@myfordmobile.com,"1 American Rd
Dearborn, MI 48126"
Compass,"May 18, 2019",100000+,4.5,r.apps.feedback@gmail.com,"R√©gi Posta √∫t 56.
6728, Szeged
Hungary"
Virtual Cola drinking,"May 3, 2019",5000000+,4.2,just4funhelp@gmail.com,"Just4Fun Mobile Sp. z o.o.
Polna 31, 05-800 Pruszk√≥w, Poland"
RTVE alacarta,"April 8, 2019",1000000+,4.0,movil.irtve@rtve.es,
MyRadar Weather Radar,"March 29, 2019",10000000+,4.5,myradarandroid@myradar.com,"424 E Central Blvd #118, Orlando, FL  32801"
Police siren light & sound,"December 7, 2018",1000000+,4.1,just4funhelp@gmail.com,"Just4Fun Mobile Sp. z o.o.
Polna 31, 05-800 Pruszk√≥w, Poland"
Music Player for Wear,"June 13, 2017",100000+,4.2,qubinapps@gmail.com,"Schaafenstra√üe 65
50676 K√∂ln"
Exercise Timer,"September 23, 2018",1000000+,4.5,melvin@neurondigital.com,"8, Maranatha,
Triq Tal-Fieres,
Kirkop
KKP 1502"
Cronosurf Wave watch,"March 15, 2019",500000+,4.5,fruit4droid@gmail.com,"Franziskanerstr. 16
Munich 81669
Germany"
Mobills Budget,"May 14, 2019",5000000+,4.6,suporte@mobills.com.br,"Rua Costa Barros, 915 Sala 1309"
Cool math games: arithmetic & multiplication table,"April 29, 2019",1000000+,4.5,mentalcalculationtricks@gmail.com,"410000 Russia, Saratov
99/109 Chapaeva street"
GymRun Workout Log & Fitness Tracker,"May 17, 2019",500000+,4.6,support@gymrun.app,"Kalkweg 8c
04643 GHA"
NavShip - Boat Navigation,"May 20, 2019",50000+,4.2,support@navship.org,"Chris Michel
An der Bleiche 11a
D-63322 R√∂dermark"
Glide - Video Chat Messenger,"March 20, 2019",10000000+,4.3,support@glide.me,"5 Shoham St., 5th Flr, Ramat-Gan, Israel, 5251001"
Cardiogram - for Wear OS (Android Wear) & Garmin,"March 5, 2019",100000+,3.4,hello@cardiogr.am,
"TAG Heuer Golf - Scorecard, GPS & 3D Maps","May 17, 2019",5000+,4.1,support@tagheuerconnected.com,
VLC Mobile Remote - PC & Mac,"April 4, 2019",1000000+,4.4,adisloppy@live.com,"Bangalore, Karnataka 560038
India"
Bible Offline,"May 20, 2019",10000000+,4.8,contato@bibliajfa.com.br,"Av. Martin Luther King, 632, Room 051
Osasco - SP
CEP: 06030-003
Brazil"
Yatse: Kodi remote control and cast,"May 17, 2019",1000000+,4.7,support@yatse.tv,"27 rue Henri Rolland
69100 Villeurbanne
France"
Swift Watch Face & Clock Widget,"March 15, 2019",100000+,4.3,thema.apps@gmail.com,"Plaisir
FRANCE"
Wear Audio Recorder,"February 14, 2019",500000+,4.2,binom.mobile@gmail.com,"15/2 Fryazevskaya street, Moscow, Russia."
"Zombies, Run! 5k Training (Free)","December 10, 2018",50000+,3.8,support@zombiesrungame.com,"Six to Start
LSD Accountants
27 Stockwood Business Park
Redditch
B96 6SX
United Kingdom"
The Washington Post,"May 15, 2019",1000000+,4.5,help@washpost.com,"1301 K Street NW, Washington, DC 20071"
Cosmo Run,"August 22, 2018",100000+,3.8,support@nosixfive.com,"ul. G.S. Rakovski 128, et. 6
1000 Sofia
Bulgaria"
"Handcent Next SMS (Best texting with MMS,stickers)","May 8, 2019",1000000+,4.2,help@handcent.com,"Room 705-706,7/F China Insurance Group Building,NO.141 Des Voeux Road Centernal
HongKong"
Looks Android Wear Watch Faces,"March 4, 2019",100000+,4.5,wearsupport@ustwo.com,"62 Shoreditch High Street
London, E1 6JJ
United Kingdom"
Pixel Watch face - Minimal pixel style watch face,"March 26, 2019",10000+,4.5,corvettecole@gmail.com,"Cole Gerdemann
685 Sports Center Dr.
Lexington, KY 40506"
Compass Level & GPS,"January 7, 2019",1000000+,4.2,jeedoridori@gmail.com,"104, 2101, 374, Tongil-ro, Deogyang-gu, Goyang-si, Gyeonggi-do, Republic of Korea"
Black Metal HD Watch Face Widget & Live Wallpaper,"February 14, 2019",500000+,4.2,deniteappz@gmail.com,"21 Carlton Street
Toronto, Ontario"
Death Date Calculator & Grave Editor,"March 5, 2019",50000+,4.2,just4funhelp@gmail.com,"Just4Fun Mobile Sp. z o.o.
Polna 31, 05-800 Pruszk√≥w, Poland"
Photo Gallery for Wear OS (Android Wear),"May 7, 2019",100000+,3.7,support@appfour.com,"appfour GmbH
Marie-Juchacz-Str 7
76137 Karlsruhe
Germany"
REFSIX - Soccer Referee Watch App,"May 13, 2019",5000+,3.9,contact@refsix.com,
Healthy Recipes,"April 8, 2019",1000000+,4.1,infinitewallpapers@gmail.com,"Molathu House
Kuttampuzha P.O
Kothamangalam, Ernakulam
Pin : 686691
Kerala, India"
Weather XL PRO,"May 8, 2019",10000000+,4.5,support@exovoid.ch,"Bois-de-Ban 28
1066 Epalinges
Switzerland"
Compass Steel 3D,"January 8, 2018",1000000+,4.6,feedback@simplywerx.com,"42 Pasir Panjang Hill
Singapore 118894
SINGAPORE"
Muzei Live Wallpaper,"March 25, 2019",1000000+,4.4,support@muzei.co,
"MySwimPro Swim Workouts, Training Plans & Tracking","April 5, 2019",100000+,3.8,support@myswimpro.com,301 East Liberty Street Suite #701 Ann Arbor
Mega Zoom Camera,"June 4, 2018",5000000+,3.9,just4funhelp@gmail.com,"Just4Fun Mobile Sp. z o.o.
Polna 31, 05-800 Pruszk√≥w, Poland"
Delta Watch Face,"March 15, 2019",100000+,3.8,richface.watch@gmail.com,"3430 Tulln an der Donau
Austria"
My Passwords - Password Manager,"May 10, 2019",1000000+,4.5,android@my-passwords-app.com,"Bahnhofstr. 9
71034 B√∂blingen
Germany"
Chronus: Home & Lock Widgets,"May 19, 2019",1000000+,4.3,chronus.widget@gmail.com,"483 Bay Street
Toronto, Ontario,
M5G 2E1
Canada"
BBVA Spain,"May 14, 2019",5000000+,4.3,bbvabancamovil@bbva.com,
ParKing: Where is my car? Find my car - Automatic,"March 24, 2019",500000+,4.3,il.talent.apps@gmail.com,"Ha Yaen St., Jerusalem, Israel"
Electric shaver (prank),"July 11, 2018",1000000+,3.7,just4funhelp@gmail.com,"Just4Fun Mobile Sp. z o.o.
Polna 31, 05-800 Pruszk√≥w, Poland"
Dolce Gusto Timer Free,"May 20, 2019",100000+,4.7,developer.aduilio@gmail.com,Santa Rita do Sapuca√≠ - MG - Brasil
Zombie Killing - Call of Killers,"May 20, 2019",10000000+,4.1,contact@italy-games.com,"Start Chambers, Wickham‚Äôs Cay II, P. O. Box 2221, Road Town, Tortola, British Virgin Island"
Workout Trainer: fitness coach,"May 2, 2019",10000000+,4.2,android@skimble.com,"601 Capp Street
San Francisco, CA 94110"
Pixel Fixer,"December 23, 2018",500000+,3.9,aiuspaktyn@gmail.com,"Giuseppe Romano
Via Platone, 6
Pomigliano d'Arco
(NA) 80038 Italia"
Digital Striker Watch Face,"January 16, 2019",10000+,4.0,richface.watch@gmail.com,"3430 Tulln an der Donau
Austria"
Web Browser for Wear OS (Android Wear),"May 7, 2019",500000+,3.6,support@appfour.com,"appfour GmbH
Marie-Juchacz-Str 7
76137 Karlsruhe
Germany"
Runtastic Results Strength Training & Bodyweight,"April 24, 2019",10000000+,4.1,support.android@runtastic.com,"Pluskaufstrasse 7
4061 Pasching
AUSTRIA"
Connected,"April 8, 2019",100000+,4.0,support@tagheuerconnected.com,
Video for Wear OS (Android Wear) & YouTube,"May 7, 2019",500000+,3.5,info@appfour.com,"appfour GmbH
Marie-Juchacz-Str 7
76137 Karlsruhe
Germany"
Mail for Wear OS (Android Wear) & Gmail,"May 7, 2019",100000+,3.9,info@appfour.com,"appfour GmbH
Marie-Juchacz-Str 7
76137 Karlsruhe
Germany"
Initial 2 Watch Face,"March 14, 2019",5000+,3.2,support@sooon.ch,"Sooon SA
Rue St-Honor√© 10
2000 Neuch√¢tel
Switzerland"
2048,"June 4, 2018",100000+,4.0,support@best2048.com,"#1209, Phase 10
Mohali, Pin:160064
Chandigarh"
Weareal. Realistic Watch Faces,"January 6, 2019",100000+,4.1,contact@weareal.com,"Saint-Petersburg
Kushelevskaya road., 3"
Timesheet - Time Tracker,"May 8, 2019",1000000+,4.5,support@timesheet.io,"Untere Wei√ügerberstrasse 43/1
Vienna, Austria"
Bubble Cloud Wear Launcher Watchface (Wear OS),"May 15, 2019",500000+,4.2,bcwhelp@gmail.com,"DYNA Logix
Budapest
Hidasz 7
H-1026"
Ants on screen funny joke,"April 12, 2019",5000000+,4.3,just4funhelp@gmail.com,"Just4Fun Mobile Sp. z o.o.
Polna 31, 05-800 Pruszk√≥w, Poland"
Primary Watch Face,"May 14, 2019",100000+,4.0,support@sooon.ch,"Sooon SA
Rue St-Honor√© 10
2000 Neuch√¢tel
Switzerland"
Snake On Screen Hissing Joke,"March 14, 2019",10000000+,4.4,just4funhelp@gmail.com,"Just4Fun Mobile Sp. z o.o.
Polna 31, 05-800 Pruszk√≥w, Poland"
1000+ Animated Watch Faces,"April 26, 2019",100000+,3.5,kjsk.developers@gmail.com,
GPS Tracker for Wear OS (Android Wear),"May 7, 2019",10000+,3.3,info@appfour.com,"appfour GmbH
Marie-Juchacz-Str 7
76137 Karlsruhe
Germany"
Glimp,"April 25, 2019",100000+,4.2,ctappsoftware@gmail.com,Via Ressi 34 20125 Milano Italy
Galaxy Glow HD Watch Face Widget & Live Wallpaper,"February 14, 2019",100000+,4.1,deniteappz@gmail.com,"21 Carlton Street
Toronto, Ontario"
Virtual Water drinking,"July 14, 2018",1000000+,3.9,just4funhelp@gmail.com,"Just4Fun Mobile Sp. z o.o.
Polna 31, 05-800 Pruszk√≥w, Poland"
Six Pack in 30 Days - Abs Workout Lose Belly fat,"May 16, 2019",100000+,4.6,support@thedroidcrew.com,
App in the Air - Travel planner & Flight tracker,"April 14, 2019",100000+,4.3,support@appintheair.mobi,"1411 4th Avenue, Seattle, WA 98101"
Keyboard for Wear OS (Android Wear),"May 7, 2019",100000+,3.4,support@appfour.com,"appfour GmbH
Marie-Juchacz-Str 7
76137 Karlsruhe
Germany"
Fu*** Weather (Funny Weather),"April 25, 2019",1000000+,4.7,support@zsuiwal.com,"Sienkiewicza 23/3
74-240 Lipiany"
Cat Walks in Phone Cute Joke,"April 17, 2019",5000000+,4.6,just4funhelp@gmail.com,"Just4Fun Mobile Sp. z o.o.
Polna 31, 05-800 Pruszk√≥w, Poland"
Cheap hotel deals and discounts ‚Äî Hotellook,"March 28, 2019",1000000+,4.5,android@hotellook.com,
Feel The Wear - Notifications TTS,"December 6, 2017",100000+,4.2,mflorek+feelthewear@gmail.com,"Pupavova 24
841 04 Bratislava
Slovakia"
Moods Android Wear Watch Faces,"January 31, 2019",100000+,4.2,wearsupport@ustwo.com,"62 Shoreditch High Street
London, E1 6JJ
United Kingdom"
Holo Watch face,"September 28, 2018",100000+,4.4,ammarptn@gmail.com,Pattani 94000
Mouse on Screen Scary Joke,"March 7, 2019",10000000+,4.3,just4funhelp@gmail.com,"Just4Fun Mobile Sp. z o.o.
Polna 31, 05-800 Pruszk√≥w, Poland"
Classic Watch Face,"February 15, 2019",500000+,4.2,huskydevcz@gmail.com,"Weberova 14
Decin 6
40502"
Canary ‚Äì Smart Home Security,"April 17, 2019",100000+,2.8,support@canary.is,
Willow - Photo Watch face,"March 8, 2019",100000+,4.3,ammarptn@gmail.com,Pattani 94000
Next Bus Dublin Free,"March 24, 2019",100000+,4.4,steemcb@gmail.com,"Stephen McBride,
4th Floor,
Latin Hall,
Golden Lane,
Dublin 8,
Ireland"
Pear Watch Face,"July 10, 2017",100000+,4.6,seahorsepip@outlook.com,"Netherlands, Eindhoven"
Android Land,"January 21, 2018",100000+,3.9,artas182x@gmail.com,"Kwiatowa 14
00-400 Warszawa"
Calendar for Wear OS (Android Wear),"May 7, 2019",100000+,3.7,info@appfour.com,"appfour GmbH
Marie-Juchacz-Str 7
76137 Karlsruhe
Germany"
Find My Watch for Android Wear,"September 28, 2017",50000+,4.6,ppltalkin@gmail.com,"People Talkin'
1109 Nottingham Dr.
Glen Burnie, MD 21061"
Red Bull Racing,"January 18, 2019",10000+,4.6,support@tagheuerconnected.com,
MultiTap Wear Keyboard,"June 3, 2018",10000+,4.5,mbt925@gmail.com,
Shield Watch Face,"March 2, 2019",100000+,4.1,richface.watch@gmail.com,"3430 Tulln an der Donau
Austria"
Tattoo Master,"January 5, 2018",5000000+,4.5,contact@canadadroid.com,"Start Chambers, Wickham‚Äôs Cay II, P. O. Box 2221, Road Town, Tortola, British Virgin Island"
Digital Monster Watch Face,"May 9, 2019",50000+,4.1,richface.watch@gmail.com,"3430 Tulln an der Donau
Austria"
New Balance,"May 8, 2019",100000+,4.0,newbalance@shop.newbalance.com,
Venom Watch Face & Clock Widget,"March 15, 2019",100000+,4.3,thema.apps@gmail.com,"Plaisir
FRANCE"
Medical Terminology Dictionary:Search&Vocabulary,"March 7, 2019",1000000+,4.4,medicalgroupsoft@gmail.com,"194358 Sankt-Peterburg
str. Fedora Abramova 8, kv. 65"
RAM Cleaner for Wear OS by Google‚Ñ¢ (Android Wear‚Ñ¢),"April 3, 2019",1000+,4.1,max.golubov@gmail.com,"220007, –†–µ—Å–ø—É–±–ª–∏–∫–∞ –ë–µ–ª–∞—Ä—É—Å—å, –≥. –ú–∏–Ω—Å–∫, —É–ª. –õ–µ–≤–∫–æ–≤–∞, 14-118"
Calculator For Wear OS (Android Wear),"December 27, 2017",500000+,4.2,support@wearable-software.com,"Wearable Software
Cedric Larrat
Gr√∂tzingerstr. 73
76227 Karlsruhe-Durlach"
Rontivity,"January 24, 2017",50000+,4.0,lhproductionshelp@gmail.com,"Jonas Uek√∂tter
Martinistra√üe 74
49078 Osnabr√ºck
GERMANY"
Diabetes:M,"April 4, 2019",500000+,4.6,support@diabetes-m.com,"135 Tzarigradsko shosse Blvd., Floor 3
Sofia 1784
Bulgaria"
Aviasales ‚Äî –∞–≤–∏–∞–±–∏–ª–µ—Ç—ã –¥–µ—à–µ–≤–æ,"May 7, 2019",5000000+,4.7,android@aviasales.ru,
Collaborations Watch Faces,"October 22, 2018",10000+,4.5,support@tagheuerconnected.com,
Oranje watchface by Starc,"March 21, 2019",10000+,4.4,watchfacedesigner@gmail.com,"TunTun Building 10F, 164, Nonhyeon-ro, Gangnam-gu, Seoul, Republic of Korea"
LED Hex HD Watch Face Widget & Live Wallpaper,"February 1, 2019",10000+,4.1,deniteappz@gmail.com,"21 Carlton Street
Toronto, Ontario"
ustwo Watch Faces,"September 15, 2016",100000+,4.2,wearissues@ustwo.com,"62 Shoreditch High Street
London, E1 6JJ
United Kingdom"
WatchMaster - Watch Face,"May 17, 2019",500000+,3.8,watchfacedesigner@gmail.com,"TunTun Building 10F, 164, Nonhyeon-ro, Gangnam-gu, Seoul, Republic of Korea"
MVMT - Modern Sport Watch Face,"April 26, 2019",10000+,3.7,facer-support@little-labs.com,"373 Rose Ave
Venice, CA 90291"
SKORES - Live Football Scores,"May 20, 2019",5000000+,4.4,android@skores.com,"74 rue des Arts
59000 Lille"
Snake for Wear,"May 24, 2018",10000+,3.4,pontusstjernstrom@gmail.com,
HuskyDEV Atlas Watch Face,"February 15, 2019",50000+,4.3,huskydevcz@gmail.com,"Weberova 14
Decin 6
40502"
Challenger Watch Face,"April 9, 2019",500000+,4.2,richface.watch@gmail.com,"3430 Tulln an der Donau
Austria"
Neon Blue Watch Face,"October 18, 2018",100000+,3.8,thaliasandracorner@gmail.com,
Easy Voice Changer,"January 30, 2019",1000000+,4.1,just4funhelp@gmail.com,"Just4Fun Mobile Sp. z o.o.
Polna 31, 05-800 Pruszk√≥w, Poland"
Touch Round - Watch game,"March 30, 2019",5000+,3.6,support@tocapp.com,"Calle Via Augusta, S/N, Centro Cedes, 12194, Vall d‚ÄôAlba, Castell√≥n, Comunidad Valenciana, Espa√±a."
Wear Maze,"November 22, 2017",100000+,3.4,marcelorsdev@gmail.com,"Vassouras, Rio de Janeiro - Brasil"
Instruments for Wear OS (Android Wear),"May 7, 2019",10000+,3.2,info@appfour.com,"appfour GmbH
Marie-Juchacz-Str 7
76137 Karlsruhe
Germany"
Virtual Volume Button,"November 9, 2018",500000+,4.4,claudio.chimera@gmail.com,"Via Andrea Tortora, 124EA5
84016 - Pagani (SA)
Italy"
Password Manager SafeInCloud,"April 12, 2019",1000000+,4.4,support@safe-in-cloud.com,"5th Voykovskiy Proezd 16, Moscow, Russia, 125171"
Fury Watch Face,"October 25, 2017",100000+,4.2,richface.watch@gmail.com,"3430 Tulln an der Donau
Austria"
Guardian Watch Face & Clock Widget,"March 14, 2019",100000+,4.3,thema.apps@gmail.com,"Plaisir
FRANCE"
Wearable Extensions,"May 18, 2019",100+,,boswelja78@gmail.com,"Oxford, New Zealand"
B-Sidz Watch Face & Clock Widget,"March 13, 2019",100000+,4.3,thema.apps@gmail.com,"Plaisir
FRANCE"
Duality Watch Face & Clock Widget,"March 13, 2019",50000+,4.4,thema.apps@gmail.com,"Plaisir
FRANCE"
Wear Face Collection,"May 13, 2017",500000+,4.2,cyberniko@gmail.com,"62 rue de picpus, 75012 paris"
Everyday Digital Watch Face,"January 24, 2017",100000+,4.4,m@rcel.cz,"Na Libu≈°i 631
39165 Bechynƒõ
Czech Republic"
Weather for Wear OS (Android Wear),"May 7, 2019",50000+,3.3,info@appfour.com,"appfour GmbH
Marie-Juchacz-Str 7
76137 Karlsruhe
Germany"
Infinity Watch Face,"September 11, 2017",100000+,4.0,richface.watch@gmail.com,"3430 Tulln an der Donau
Austria"
HebDate Hebrew Calendar,"May 15, 2019",500000+,4.6,info@lionscribe.com,"418 Clifton Ave #305
Lakewood, NJ 08701"
Launcher for Wear OS (Android Wear),"May 7, 2019",50000+,3.4,info@appfour.com,"appfour GmbH
Marie-Juchacz-Str 7
76137 Karlsruhe
Germany"
FITIV Pulse: Heart Rate Monitor + Workout Tracker,"May 14, 2019",10000+,3.6,support@fitiv.com,"835 Champlain Street
Suite 200A
Dieppe, NB, Canada
E1A1P6"
Night Vision Camera Simulation,"July 11, 2018",5000000+,3.2,just4funhelp@gmail.com,"Just4Fun Mobile Sp. z o.o.
Polna 31, 05-800 Pruszk√≥w, Poland"
Watchfaces Classic for Wear OS 2.0,"February 16, 2019",10000+,4.0,info@goldenmace.com,"105, The Jewel building, Tata Road No.3, Opera house, Charni Road (East), Mumbai - 400004, MH, INDIA"
Open Watch Face,"April 1, 2019",10000+,3.9,support@sooon.ch,"Sooon SA
Rue St-Honor√© 10
2000 Neuch√¢tel
Switzerland"
D-Max Watch Face & Clock Widget,"May 19, 2019",50000+,4.2,thema.apps@gmail.com,"Plaisir
FRANCE"
Video Gallery for Wear OS (Android Wear),"May 7, 2019",100000+,3.7,support@appfour.com,"appfour GmbH
Marie-Juchacz-Str 7
76137 Karlsruhe
Germany"
Skores - Live Soccer Scores,"May 14, 2019",500000+,4.4,android@skores.com,"74 rue des Arts
59800 Lille"
Mosquito Sound,"January 14, 2019",1000000+,3.8,just4funhelp@gmail.com,"Just4Fun Mobile Sp. z o.o.
Polna 31, 05-800 Pruszk√≥w, Poland"
Digital Watch Face,"October 18, 2018",100000+,3.5,thaliamaka@gmail.com,
Twelveish - Customizable Text Watch Face for Wear,"April 13, 2019",10000+,4.6,hello@rokasjankunas.com,"Seabraes, Seabraes Court, Dundee, DD1 4LA"
"My Shopping List, Notes, to-do list","April 5, 2019",50000+,3.9,infinitewallpapers@gmail.com,"Molathu House
Kuttampuzha P.O
Kothamangalam, Ernakulam
Pin : 686691
Kerala, India"
Tiimo : ADHD | Autism app for visual structure‚åöÔ∏èüì±,"April 17, 2019",1000+,4.3,hello@tiimo.dk,"Tiimo
titangade 11, Singularity University, 2200 K√∏benhavn N"
Royal Steel Watch Face,"May 20, 2019",100000+,4.0,richface.watch@gmail.com,"3430 Tulln an der Donau
Austria"
Classic 3100 - Wear OS Watch Faces Ambient Second,"May 19, 2019",1000+,4.2,joelphilippage@gmail.com,"PO Box 1080
Teec Nos Pos, AZ
86514"
FACE-ify HD Watch Face Widget & Live Wallpaper,"February 10, 2019",50000+,4.3,deniteappz@gmail.com,"21 Carlton Street
Toronto, Ontario"
Primary Basic Watch Face,"March 6, 2019",10000+,4.2,support@sooon.com,"Sooon SA
Rue St-Honor√© 10
2000 Neuch√¢tel
Switzerland"
Wearable Widgets,"October 31, 2018",100000+,3.6,wearable@udellenterprises.com,"1338 Grand Ave, PMB 293
Glenwood Springs, CO 81601
USA"
Runmore 5K Trainer (with Wear) - Easy Running,"April 7, 2019",10000+,4.5,runmoreapp@gmail.com,"5-10 Taviton Street, London, WC1H 0BX"
Naukri.com Job Search,"May 20, 2019",10000000+,4.5,android@naukri.com,
Master Watch Face & Clock Widget,"March 14, 2019",100000+,4.2,thema.apps@gmail.com,"Plaisir
FRANCE"
Quante Watch Face & Clock Widget,"March 14, 2019",100000+,4.3,thema.apps@gmail.com,"Plaisir
FRANCE"
ByssWeather for Wear OS,"February 14, 2019",1000000+,4.2,mk@byss.mobi,"byss mobile sp.j.
ul. Bohaterow Warszawy 21
70-372 Szczecin
Poland"
WatchLife Fitness Watch,"October 23, 2018",5000+,3.3,shortwaredesign@gmail.com,"1009 Sky Valley Trail
Smyrna, TN 37167"
RoverOne Watch Face,"May 21, 2018",50000+,4.1,richface.watch@gmail.com,"3430 Tulln an der Donau
Austria"
Cool Watch Faces,"June 15, 2017",50000+,3.8,support@insideglobe.com,"2711 Centerville Road Suite 400
Wilmington, DE 19808"
Smoking Log - Stop Smoking,"May 11, 2019",50000+,4.4,smokinglog@ccswe.com,"PO BOX 643
San Marcos, CA 92079-0643"
Pilot One Watch Face,"May 14, 2019",5000+,4.2,support@sooon.ch,"Sooon SA
Rue St-Honor√© 10
2000 Neuch√¢tel
Switzerland"
Documents for Wear OS (Android Wear),"May 7, 2019",100000+,3.3,info@appfour.com,"appfour GmbH
Marie-Juchacz-Str 7
76137 Karlsruhe
Germany"
Heart Trace 2,"September 28, 2018",10000+,3.5,magic09.apps@gmail.com,"magic09 applications,
Office 11694,
PO Box 15113,
Birmingham,
B2 2NJ"
COUP - eScooter-Sharing,"May 18, 2019",100000+,3.2,support@joincoup.com,
7 Minutes Daily Weight Loss Home Workouts : FitMe,"December 26, 2018",50000+,4.5,crisptechno@gmail.com,"Hitbytes Technologies
Mulanthuruthy P.O
Ernakulam, Kerala
INDIA
PIN : 682314"
Samsung TV Remote,"May 15, 2019",1000000+,3.2,andev.contact@gmail.com,Budapest
Watch Face Valiant,"October 30, 2017",50000+,4.3,richface.watch@gmail.com,"3430 Tulln an der Donau
Austria"
Futuristic GUI Watch Face,"March 14, 2019",100000+,4.2,thema.apps@gmail.com,"Plaisir
FRANCE"
Compass for Wear OS (Android Wear),"May 7, 2019",10000+,3.0,info@appfour.com,"appfour GmbH
Marie-Juchacz-Str 7
76137 Karlsruhe
Germany"
Cluster Watch Face,"May 29, 2018",50000+,4.0,richface.watch@gmail.com,"3430 Tulln an der Donau
Austria"
WearMouse ‚Äî Wear OS Air Mouse,"February 19, 2019",5000+,4.8,ginkage@yandex.ru,
Mechani-Gears HD Watch Face Widget Live Wallpaper,"February 14, 2019",100000+,4.1,deniteappz@gmail.com,"21 Carlton Street
Toronto, Ontario"
Spray can,"July 14, 2018",1000000+,3.7,just4funhelp@gmail.com,"Just4Fun Mobile Sp. z o.o.
Polna 31, 05-800 Pruszk√≥w, Poland"
Slab Builder - Game Wear,"April 9, 2019",10000+,2.6,support@tocapp.com,"Calle Via Augusta, S/N, Centro Cedes, 12194, Vall d‚ÄôAlba, Castell√≥n, Comunidad Valenciana, Espa√±a."
Weight Loss Fitness by Verv,"May 1, 2019",1000000+,4.2,support@verv.com,"2360 Corporate Circle, Suite 400
Henderson, NV 	89074-7722
County: Clark"
UV Index Now üåû Forecast & Sun Tracker - UVI Mate,"September 5, 2018",50000+,4.1,uvimateapp@gmail.com,138/143 Adelaide Terrace East Pert 6004 WA
Omega Engine - Watch Face,"March 3, 2019",100000+,4.1,kevin@broh-kahn.com,"1415 N Taft St
Apt 878
Arlington, VA, 22201"
GPS Car Parking‚Ñ¢ - Park & Navigate using Compass,"July 25, 2018",50000+,4.3,info@virtualmaze.com,"new 92, st marys road, alwarpet, chennai 600018 India"
Free Browser for Wear OS üåé,"April 8, 2018",50000+,4.2,corproxy.com@gmail.com,"Sydney, 2000 NSW, Australia"
Black Classic Watch Face,"February 15, 2019",500000+,4.3,huskydevcz@gmail.com,"Weberova 14
Decin 6
40502"
Multi Calculator,"April 22, 2019",1000000+,4.5,jeedoridori@gmail.com,"104, 2101, 374, Tongil-ro, Deogyang-gu, Goyang-si, Gyeonggi-do, Republic of Korea"
Old Standard Watch Face,"March 29, 2019",50000+,4.2,schonhardt@gmail.com,"Gluckstr. 5
Karlsruhe, 76185
Germany"
Free Digital Watch Face Theme for Bubble Clouds,"May 15, 2019",10000+,4.0,bcwhelp@gmail.com,"DYNA Logix
Budapest
Hidasz 7
H-1026"
Superheroes Watchfaces for Android Wear OS,"December 20, 2018",5000+,4.1,info@goldenmace.com,"105, The Jewel building, Tata Road No.3, Opera house, Charni Road (East), Mumbai - 400004, MH, INDIA"
Kalorick√© tabulky - hubnut√≠ a poƒç√≠t√°n√≠ kalori√≠,"April 18, 2019",1000000+,4.6,support@dine4fit.com,"≈†kroupova 631/6
500 02 Hradec Kr√°lov√©"
Modern Times watchface by Pluto,"March 21, 2019",100000+,4.1,watchfacedesigner@gmail.com,"TunTun Building 10F, 164, Nonhyeon-ro, Gangnam-gu, Seoul, Republic of Korea"
Bunny in Phone Cute joke,"March 2, 2019",1000000+,4.7,just4funhelp@gmail.com,"Just4Fun Mobile Sp. z o.o.
Polna 31, 05-800 Pruszk√≥w, Poland"
Bug in Phone funny joke,"March 8, 2019",5000000+,4.0,just4funhelp@gmail.com,"Just4Fun Mobile Sp. z o.o.
Polna 31, 05-800 Pruszk√≥w, Poland"
T. Rex Runner Game for Smartwatch,"May 10, 2019",1000+,3.5,Support@GeeksEmpire.net,"313 Summerwood Lane, Nashville, TN"
Guard Watch Face,"July 22, 2017",100000+,4.0,richface.watch@gmail.com,"3430 Tulln an der Donau
Austria"
Rotax Watch Face,"May 15, 2019",10000+,4.0,richface.watch@gmail.com,"3430 Tulln an der Donau
Austria"
Primetime,"February 18, 2019",1000+,4.5,support@mobvoi.com,
Digi-Vex HD Watch Face Widget & Live Wallpaper,"January 31, 2019",10000+,4.2,deniteappz@gmail.com,"21 Carlton Street
Toronto, Ontario"
Dubai Watch face,"March 29, 2018",5000+,4.4,support@tagheuerconnected.com,
Chronos - Watch Face,"November 10, 2018",5000+,3.3,facelabteam@gmail.com,"Budapest, Hungary"
EveryDay Watch Face,"February 15, 2019",50000+,4.2,huskydevcz@gmail.com,"Weberova 14
Decin 6
40502"
Listens for Alexa,"February 10, 2018",100000+,3.4,will.blaschko@gmail.com,"136 22nd Ave E
Suite D
Seattle, WA 98112"
Active Point Watch Face,"December 19, 2017",10000+,3.6,richface.watch@gmail.com,"3430 Tulln an der Donau
Austria"
Flowers Watch Faces,"May 20, 2017",10000+,4.1,kjsk.developers@gmail.com,
Altimeter for Wear OS (Android Wear),"May 7, 2019",10000+,2.9,info@appfour.com,"appfour GmbH
Marie-Juchacz-Str 7
76137 Karlsruhe
Germany"
Glassy Surf Report |¬†Forecast,"May 17, 2019",100000+,4.7,info@glassy.pro,"Plaza Santa Magdalena Sof√≠a 4
46110 Godella Valencia
Spain"
Digitec Watch Face,"June 5, 2018",100000+,4.0,richface.watch@gmail.com,"3430 Tulln an der Donau
Austria"
Mustache Watch Face,"February 16, 2019",100000+,4.3,studiohoodie@gmail.com,"212 rue saint martin
75003 Paris"
Essential Face HD WatchFace Widget Live Wallpaper,"April 19, 2019",1000+,4.8,deniteappz@gmail.com,"21 Carlton Street
Toronto, Ontario"
Transparent Phone Screen HD Simulation,"January 17, 2019",10000000+,3.7,just4funhelp@gmail.com,"Just4Fun Mobile Sp. z o.o.
Polna 31, 05-800 Pruszk√≥w, Poland"
Virtual Milk drinking,"May 8, 2019",500000+,4.1,just4funhelp@gmail.com,"Just4Fun Mobile Sp. z o.o.
Polna 31, 05-800 Pruszk√≥w, Poland"
Stopwatch for Wear OS (Android Wear),"May 7, 2019",5000+,4.1,info@appfour.com,"appfour GmbH
Marie-Juchacz-Str 7
76137 Karlsruhe
Germany"
Rolling Watch Face,"July 22, 2017",100000+,4.1,richface.watch@gmail.com,"3430 Tulln an der Donau
Austria"
Octane Watch Face & Clock Widget,"March 14, 2019",100000+,4.1,thema.apps@gmail.com,"Plaisir
FRANCE"
Racing Watch Face & Clock Widget,"March 14, 2019",100000+,4.3,thema.apps@gmail.com,"Plaisir
FRANCE"
Speedometer for Wear OS (Android Wear),"May 7, 2019",10000+,3.5,info@appfour.com,"appfour GmbH
Marie-Juchacz-Str 7
76137 Karlsruhe
Germany"
Calendar Watch Face (by HuskyDEV),"February 15, 2019",50000+,4.2,huskydevcz@gmail.com,"Weberova 14
Decin 6
40502"
Notepad,"May 20, 2019",100000+,4.3,kfaraj.dev@gmail.com,France
Nav Explorer - Wear OS Wireless File Transfer,"May 18, 2019",10000+,4.3,joelphilippage@gmail.com,"PO Box 1080
Teec Nos Pos, AZ
86514"
Roto Rally - 5 in 1 Watch Face Pack for Wear OS,"March 28, 2019",5000+,4.2,hello@thedesigncycle.com,"311, BEML Layout,
RR Nagar, Bangalore
560098
KA, INDIA"
Wi-Fi Manager for Wear OS (Android Wear),"May 7, 2019",100000+,3.9,support@appfour.com,"appfour GmbH
Marie-Juchacz-Str 7
76137 Karlsruhe
Germany"
Indigo - Watch Face,"November 26, 2018",5000+,3.1,facelabteam@gmail.com,"Budapest, Hungary"
Carbon Neon Watch Face,"February 25, 2019",100000+,4.1,info@paulserver.com,"13878 Candelo,
Biella (BI)"
5217 - time management for increased productivity,"February 17, 2018",50000+,4.6,franciscofranco.1990@gmail.com,"Rua de Negage, LT35, Bloco 1, 1¬∫DTO
2775-252, Parede
Portugal"
Officer Army Watch Face,"February 26, 2019",10000+,3.9,support@sooon.ch,"Sooon SA
Rue St-Honor√© 10
2000 Neuch√¢tel
Switzerland"
Dog on screen: Woof woof joke,"May 30, 2018",100000+,4.7,just4funhelp@gmail.com,"Just4Fun Mobile Sp. z o.o.
Polna 31, 05-800 Pruszk√≥w, Poland"
Wear Codes for Wear OS (Android Wear),"May 19, 2019",50000+,4.0,android@codechimp.org,"2 Albert Road
Witham
Essex
CM8 2BS"
#allredallequal,"May 11, 2018",5000+,4.5,support@tagheuerconnected.com,
Fake Call Screen PRO,"January 14, 2019",100000+,4.3,just4funhelp@gmail.com,"Just4Fun Mobile Sp. z o.o.
Polna 31, 05-800 Pruszk√≥w, Poland"
Minimal Watchface,"April 21, 2019",10000+,4.3,sarriel.svk@gmail.com,
Premier League ‚Äì Official Interactive watchface,"August 14, 2018",5000+,4.3,support@tagheuerconnected.com,
UDisc Disc Golf App,"May 9, 2019",100000+,4.5,team@udisc.com,"UDisc LLC
4219 Highland Dr
Shoreview, MN 55126"
Info Watch Face,"February 15, 2019",50000+,4.2,huskydevcz@gmail.com,"Weberova 14
Decin 6
40502"
SmartDrive Watch Face,"September 28, 2017",100000+,4.1,richface.watch@gmail.com,"3430 Tulln an der Donau
Austria"
Radii Watch Face for Android Wear OS,"April 15, 2018",100000+,4.2,radii@thedesigncycle.com,"311, BEML Layout,
RR Nagar, Bangalore
560098
KA, INDIA"
Advanced Watch Face & Clock Widget,"March 13, 2019",50000+,4.3,thema.apps@gmail.com,"Plaisir
FRANCE"
Digital Vision Watch Face,"December 3, 2017",100000+,4.0,richface.watch@gmail.com,"3430 Tulln an der Donau
Austria"
Ghostracer - GPS Run & Cycle,"March 14, 2019",50000+,4.4,craig@bravetheskies.com,"Bewerley
Harrogate
North Yorkshire
HG3 5hs"
Social Steps,"January 3, 2019",5000+,4.3,info@snappmobile.io,"Holzstra√üe 28, 80469 M√ºnchen"
Watch Face - Marine Digital,"December 18, 2017",10000+,3.5,smartartstudio6.android@gmail.com,
Advanced Settings for Watch,"February 3, 2017",50000+,4.0,suleymanovemil8@gmail.com,"c/o Mandel
Linus-Funke-Weg 26
80995 Munich
Germany"
A/D Watchface,"December 22, 2018",100000+,4.5,contact@maarten.vg,"Veldstraat 62
2110 Wijnegem
Belgi√´"
HID Mobile Access,"April 9, 2019",100000+,3.4,mobilekeys@assaaabloy.com,"611 Center Ridge Drive
Austin, TX 78753
U.S.A."
Shopping List - Lister,"May 19, 2019",1000000+,4.5,ask@lister-studios.com,"Benjamin Glatzeder
Christoph-Kaiser-Str. 14
84155 Bodenkirchen"
Driving Route Finder‚Ñ¢ - Find GPS Location & Routes,"September 16, 2018",1000000+,4.2,android@virtualmaze.com,"new 92, st marys road, alwarpet, chennai 600018 India"
Full Battery & Theft Alarm,"April 22, 2019",1000000+,4.4,developerpextor@gmail.com,developerpextor@gmail.com
Clean Watch Face,"April 6, 2019",50000+,4.2,yohohoasakura@gmail.com,"Bulgaria, Gorna Oryahovitsa, Borima 17b"
Ushuaia,"March 29, 2018",5000+,4.7,support@tagheuerconnected.com,
Wutronic - Odin Watch Face,"April 25, 2019",100+,5.0,facer-support@little-labs.com,"373 Rose Ave
Venice, CA 90291"
Cruise Control HD Watch Face Widget Live Wallpaper,"April 26, 2019",1000+,4.0,deniteappz@gmail.com,"21 Carlton Street
Toronto, Ontario"
Ladies Watch Face,"May 15, 2017",50000+,4.1,maxime.baret86@gmail.com,"62 rue de picpus, 75012 paris"
EARTH CASE - Watch Face,"February 20, 2019",10000+,3.9,android@firespeed.org,Á¶èÂ≤°ÁúåÁ¶èÂ≤°Â∏Ç‰∏≠Â§ÆÂå∫Ëñ¨Èô¢3‰∏ÅÁõÆ13-11„ÄÄ„Çµ„Éä„Ç¨„É™„Ç¢„Éº„Éé„Éì„É´6F
PetQuest Virtual Pet (Wear OS Games),"March 17, 2019",5000+,4.5,jaemuzzin@gmail.com,
Giro,"July 26, 2018",5000+,5.0,support@tagheuerconnected.com,
Whistle Phone Finder PRO,"May 29, 2018",1000000+,4.4,just4funhelp@gmail.com,"Just4Fun Mobile Sp. z o.o.
Polna 31, 05-800 Pruszk√≥w, Poland"
Yosemite motion watch face,"September 28, 2018",10000+,4.1,ammarptn@gmail.com,Pattani 94000
Timr Face Watch Face,"January 17, 2017",50000+,4.2,florian.m9782@gmail.com,"33611 Bielefeld, Germany"
La Liga ‚Äì Official Football App,"August 17, 2018",10000+,4.2,ligamovil.lfp@gmail.com,C/Hernandez de Tejada 10
Real Weather Watch Face Reborn,"February 15, 2019",100000+,4.4,huskydevcz@gmail.com,"Weberova 14
Decin 6
40502"
Taser - Realistic prank app,"January 4, 2018",5000+,3.5,funlabmedia@gmail.com,"Frits Zernikestraat 24
1341 BR
Almere"
"Quikr ‚Äì Search Jobs, Mobiles, Cars, Home Services","May 16, 2019",10000000+,4.2,mobileapps@quikr.com,
Wear Casts - Podcast Player for WearOS,"April 24, 2019",10000+,4.2,krisdb@live.com,"22620 Marcee Way
Cleveland OH 44141"
Time Gate Watch Face,"October 25, 2017",100000+,3.9,richface.watch@gmail.com,"3430 Tulln an der Donau
Austria"
Planning Poker - SCRUM Cards,"September 24, 2018",1000+,4.4,sascha@peilicke.de,"Am Gutspark 4
10367 Berlin"
Watch Face Collection 2016,"May 15, 2017",100000+,4.3,cyberniko@gmail.com,"62 rue de picpus, 75012 paris"
kicker Fu√üball News,"May 16, 2019",5000000+,4.2,app@kicker.de,"Badstr. 4-6
90402 N√ºrnberg"
Gecko in Phone scary joke,"May 30, 2018",1000000+,4.3,just4funhelp@gmail.com,"Just4Fun Mobile Sp. z o.o.
Polna 31, 05-800 Pruszk√≥w, Poland"
Thermo Watch Face by HuskyDEV,"February 15, 2019",50000+,4.1,huskydevcz@gmail.com,"Weberova 14
Decin 6
40502"
Smart Alarm and Sleep Tracker for Wear OS,"April 26, 2019",10000+,2.2,tom@fridgecow.com,
"Erudite Dictionary, Translator & Widget","January 29, 2019",1000000+,4.4,feedback@erudite.cc,Erudite Corporation
Watch Face - Extreme Interactive,"December 21, 2017",10000+,3.9,smartartstudio6.android@gmail.com,
Rapier Watch Face & Clock Widget,"March 14, 2019",50000+,4.3,thema.apps@gmail.com,"Plaisir
FRANCE"
Metallic Mesh HD WatchFace Widget & Live Wallpaper,"May 1, 2019",100+,,deniteappz@gmail.com,"21 Carlton Street
Toronto, Ontario"
Fish In Phone Aquarium Joke,"June 8, 2018",500000+,4.3,just4funhelp@gmail.com,"Just4Fun Mobile Sp. z o.o.
Polna 31, 05-800 Pruszk√≥w, Poland"
Dashboard for Tesla,"March 22, 2019",10000+,4.1,support@sg57productions.com,"1504 E 1st Ave
Spokane, WA
99202"
Masstream - Portable Streaming Media Server üåê,"March 25, 2019",5000+,4.2,support@masstream.com,"Sydney, 2000 NSW, Australia"
Line Watch Face,"April 18, 2017",10000+,4.6,seahorsepip@outlook.com,"Netherlands, Eindhoven"
Digits Watch Face,"September 25, 2018",10000+,4.0,yohohoasakura@gmail.com,"Bulgaria, Gorna Oryahovitsa, Borima 17b"
Google Korean Input,"June 25, 2018",100000000+,3.5,apps-help@google.com,"1600 Amphitheatre Parkway, Mountain View 94043"
Simple Watch Face Collection,"January 26, 2017",10000+,4.6,support@nickschwab.com,"928 Oak Brook Dr.
Middleville, MI 49333"
Doodle Note (Wear OS),"April 28, 2017",10000+,3.4,support@virtual-gs.com,"Block 50, Bukit Batok Street 31,
#14-01, Singapore 659442"
Hub Watch Face,"May 20, 2019",100+,4.9,support@sooon.ch,"Sooon SA
Rue St-Honor√© 10
2000 Neuch√¢tel
Switzerland"
Jewelry Sparkling Watch Faces,"March 5, 2019",10000+,4.1,ilove@gemsface.com,ilove@gemsface.com
MLS Clubs,"March 29, 2018",1000+,4.2,support@tagheuerconnected.com,
‚àû Infinity SLICE,"November 16, 2018",50000+,4.3,geral@webavenue.pt,"Rua Alves Redol, 3B
2675-285, Odivelas
Portugal"
Phant Watch Face & Clock Widget,"March 14, 2019",50000+,4.2,thema.apps@gmail.com,"Plaisir
FRANCE"
Rail Station Watch Face,"July 13, 2018",5000+,4.1,kontakt@baensch-pictures.de,"Karl Marx Allee 18
10178 Berlin"
Toggle Watch Face,"May 8, 2019",1000+,4.6,support@sooon.ch,"Sooon SA
Rue St-Honor√© 10
2000 Neuch√¢tel
Switzerland"
Awakening Watch Faces,"June 15, 2017",50000+,4.0,support@insideglobe.com,"2711 Centerville Road Suite 400
Wilmington, DE 19808"
Hex Watch Face & Clock Widget,"March 14, 2019",10000+,4.3,thema.apps@gmail.com,"Plaisir
FRANCE"
Music Center for Wear,"January 22, 2018",10000+,3.9,matejdro+support@gmail.com,
Diamond Ritz HD Watch Face Widget & Live Wallpaper,"January 31, 2019",10000+,4.3,deniteappz@gmail.com,"21 Carlton Street
Toronto, Ontario"
Photo Watch Lite (Wear OS),"August 18, 2018",10000+,3.9,support@virtual-gs.com,"Block 50, Bukit Batok Street 31,
#14-01, Singapore 659442"
Neo Watch Face,"July 22, 2017",100000+,4.1,richface.watch@gmail.com,"3430 Tulln an der Donau
Austria"
Classical II - Watch Face,"June 29, 2017",10000+,4.6,info@pixeloftime.com,"CP 55152 CP Mackay
Montreal, QC, H3G 2W5
Canada"
LED Pulse HD Watch Face Widget & Live Wallpaper,"February 1, 2019",10000+,4.1,deniteappz@gmail.com,"21 Carlton Street
Toronto, Ontario"
Find Near Me -Places Around Me,"February 4, 2019",100000+,4.0,support@xlabz.com,"154, ECR Road, Lawspet, Pondicherry - 605008"
Bulk: Workout Tracker & Meal Plans,"April 3, 2019",10000+,3.7,hello@bulktrainer.com,"300 Riverfront Dr, Detroit, MI 48226"
Watch Face - Blaze Interactive,"December 21, 2017",10000+,3.3,smartartstudio6.android@gmail.com,
Rangers Watch Face,"August 24, 2017",5000+,4.1,jimmy.binois.androis@gmail.com,"12 impasse lheureux
59112 Anooeullin"
CASIO MOMENT SETTER+,"April 8, 2019",50000+,3.4,app5+wsd@casio.co.jp,Êù±‰∫¨ÈÉΩÊ∏ãË∞∑Âå∫Êú¨Áî∫1-6-2„ÄÄ„Ç´„Ç∑„Ç™Ë®àÁÆóÊ©üÊ†™Âºè‰ºöÁ§æ
Clap Hands Phone Finder PRO,"September 6, 2018",500000+,3.8,just4funhelp@gmail.com,"Just4Fun Mobile Sp. z o.o.
Polna 31, 05-800 Pruszk√≥w, Poland"
WearMail for Android Wear,"February 16, 2019",10000+,4.0,support@maxlabmobile.com,"1009, 8 Walworth Road, SE1 6EE, London, UK"
Rawmariner Watch Face,"March 6, 2019",10000+,4.1,support@sooon.ch,"Sooon SA
Rue St-Honor√© 10
2000 Neuch√¢tel
Switzerland"
Short Reply - send reply quickly with Wear OS,"May 5, 2019",5000+,4.5,mutau.co@gmail.com,"Arakawa 4-7-3, Tokyo, Japan"
Diamond Bling HD WatchFace Widget & Live Wallpaper,"March 11, 2019",10000+,4.3,deniteappz@gmail.com,"21 Carlton Street
Toronto, Ontario"
Wear Chronograph Watch Face,"April 25, 2019",5000+,4.1,support@qooapps.com,"Stefan Thomas
Fregestr. 6a
04105 Leipzig
Germany"
Turtle Walks in Phone joke,"April 25, 2019",500000+,4.6,just4funhelp@gmail.com,"Just4Fun Mobile Sp. z o.o.
Polna 31, 05-800 Pruszk√≥w, Poland"
Wake Up Well,"March 21, 2019",10000+,3.7,wakeupwell@pete.ch,"257 Clarence St
Sydney NSW 2000
Australia"
My SOS Family - Emergency SOS,"April 2, 2019",5000+,3.8,info@mysosfamily.com,"20-22 Wenlock Road,
London,
N1 7GU,
England"
Lizard in phone funny joke,"January 2, 2019",5000000+,4.0,just4funhelp@gmail.com,"Just4Fun Mobile Sp. z o.o.
Polna 31, 05-800 Pruszk√≥w, Poland"
N-touch Watch Face,"October 25, 2017",50000+,3.9,richface.watch@gmail.com,"3430 Tulln an der Donau
Austria"
Metronome,"April 15, 2018",10000+,4.3,dev@jfenn.me,"1096 Covington Place
Allison Park, PA
15101"
Rove,"January 31, 2018",1000+,3.7,hello@spirelabs.co,"409 Broad Street
Suite 203
Chattanooga, TN 37402"
Countdown - Watch Face for Wear OS by Google,"May 8, 2018",100000+,4.3,academyextreme@gmail.com,"41-909 Bytom, Krotka 7
Poland"
Wear Gallery -an open source code gallery on watch,"December 9, 2018",50000+,4.0,me@chenhe.cc,‰∏≠ÂõΩ Ê±üËãèÁúÅ ÂæêÂ∑ûÂ∏Ç
Dot Face HD Watch Face Widget & Live Wallpaper,"April 9, 2019",1000+,4.2,deniteappz@gmail.com,"21 Carlton Street
Toronto, Ontario"
Electric Stun Gun Simulator,"July 15, 2018",1000000+,3.9,just4funhelp@gmail.com,"Just4Fun Mobile Sp. z o.o.
Polna 31, 05-800 Pruszk√≥w, Poland"
Watch Faces Gallery,"February 17, 2019",10000+,4.3,hussnainhaidar1@gmail.com,"hafizabad,punjab, pakistan"
Printoid for OctoPrint [LITE] (3D printing),"May 10, 2019",10000+,4.4,printoid.for.octoprint@gmail.com,"5 Square des Villebenettes
Les Grandes Terres
78160 Marly-Le-Roi"
Bold Gears HD Watch Face Widget & Live Wallpaper,"February 14, 2019",50000+,4.4,deniteappz@gmail.com,"21 Carlton Street
Toronto, Ontario"
Whistle - Realistic utility app,"January 4, 2018",10000+,3.9,funlabmedia@gmail.com,"Frits Zernikestraat 24
1341 BR
Almere"
Retro Pop HD Watch Face Widget & Live Wallpaper,"January 31, 2019",10000+,4.2,deniteappz@gmail.com,"21 Carlton Street
Toronto, Ontario"
Race Day HD Watch Face Widget & Live Wallpaper,"February 27, 2019",1000+,4.2,deniteappz@gmail.com,"21 Carlton Street
Toronto, Ontario"
HQ Animated Watch Face,"May 7, 2018",10000+,3.9,info@paulserver.com,"13878 Candelo,
Biella (BI)"
Dogs Watch Faces,"May 21, 2017",1000+,4.2,kjsk.developers@gmail.com,
Manchester United,"May 11, 2018",5000+,4.6,support@tagheuerconnected.com,
Locus Map Watch,"October 12, 2018",10000+,4.1,locus.map@asamm.com,"Krhanick√° 719/25
Praha 4, 141 00
Czech Republic"
Wear Gesture Launcher - Wear OS - Wear launcher,"June 4, 2018",10000+,4.5,henryzhang9802@gmail.com,
Tron Bikes for Android Wear,"March 10, 2017",10000+,3.9,suleymanovemil8@gmail.com,"c/o Mandel
Linus-Funke-Weg 26
80995 Munich
Germany"
LED Cube HD Watch Face Widget & Live Wallpaper,"February 6, 2019",1000+,4.0,deniteappz@gmail.com,"21 Carlton Street
Toronto, Ontario"
Travel the world Watch Face,"March 2, 2019",50000+,4.4,artistwatchface@gmail.com,China Beijing haidian
Power Watch Face,"February 15, 2017",50000+,3.9,richface.watch@gmail.com,"3430 Tulln an der Donau
Austria"
Crocodile in Phone Big Joke,"May 31, 2018",500000+,4.6,just4funhelp@gmail.com,"Just4Fun Mobile Sp. z o.o.
Polna 31, 05-800 Pruszk√≥w, Poland"
"Food Book Recipes, Shopping List","April 7, 2019",100000+,4.4,crisptechno@gmail.com,"Hitbytes Technologies
Mulanthuruthy P.O
Ernakulam, Kerala
INDIA
PIN : 682314"
Elvish Watch Face,"August 22, 2017",1000+,4.3,jimmy.binois.androis@gmail.com,"12 impasse lheureux
59112 Anooeullin"
Daring Graphite HD WatchFace Widget Live Wallpaper,"January 30, 2019",100000+,4.4,deniteappz@gmail.com,"21 Carlton Street
Toronto, Ontario"
Diamond Gold Watch Face,"October 19, 2018",10000+,4.0,thaliasandracorner@gmail.com,
Electro Plasma HD Watch Face Widget Live Wallpaper,"February 1, 2019",5000+,4.5,deniteappz@gmail.com,"21 Carlton Street
Toronto, Ontario"
Carbon Gears HD Watch Face Widget & Live Wallpaper,"January 31, 2019",50000+,4.3,deniteappz@gmail.com,"21 Carlton Street
Toronto, Ontario"
APDE - Android Processing IDE,"January 16, 2019",100000+,4.4,calsignlabs@gmail.com,
Phone & Smartwatch Battery Level,"January 29, 2019",5000+,4.6,th.nikolaou@gmail.com,
AutoWear,"May 24, 2018",50000+,3.9,support@joaoapps.com,"Rua Elias Garcia n17 4A
2700-310 Amadora
Portugal"
Classical I - Watch Face,"June 28, 2017",10000+,4.5,info@pixeloftime.com,"CP 55152 CP Mackay
Montreal, QC, H3G 2W5
Canada"
File Manager USB Cloud Root Apps Wear Android TV,"November 23, 2018",100000+,4.1,support@dworks.io,"26 Rawlings Street, Oran Park, Sydney, Australia - 2570"
Button Launcher,"November 26, 2018",10000+,3.9,m@rcel.cz,"Na Libu≈°i 631
39165 Bechynƒõ
Czech Republic"
Wearify for Spotify,"January 29, 2018",50000+,3.8,seahorsepip@outlook.com,"Netherlands, Eindhoven"
WShuffle - Watch Music Player,"September 24, 2017",5000+,4.0,zhlicen@gmail.com,"Pudong District, Shanghai, China"
Wear Speaker,"March 18, 2019",100000+,3.8,trainstationalert@gmail.com,"Apartment 2, 2 Overtons Yard, Croydon, CR0 1SL"
Time and Space Watch Face,"January 15, 2017",10000+,4.3,virginia@fatrussell.com,"428 Braddock Street
Johnstown, PA 15905"
Momento - Watch Face Minimalism,"September 1, 2017",10000+,4.0,wearables@boost.solutions,"Ukraine, 02081, Kiev, Darnitskij area, Anna Akhmatova street, 22, office 4009"
Hyper Tek HD WatchFace Widget & Live Wallpaper,"February 1, 2019",10000+,4.2,deniteappz@gmail.com,"21 Carlton Street
Toronto, Ontario"
Officer Watch Face,"February 25, 2019",10000+,3.7,support@sooon.ch,"Sooon SA
Rue St-Honor√© 10
2000 Neuch√¢tel
Switzerland"
Carousel Tri-Retrograde Watch Face,"March 23, 2018",10000+,4.1,support@sooon.ch,"Sooon SA
Rue St-Honor√© 10
2000 Neuch√¢tel
Switzerland"
Virtual Coffee,"July 15, 2018",100000+,4.1,just4funhelp@gmail.com,"Just4Fun Mobile Sp. z o.o.
Polna 31, 05-800 Pruszk√≥w, Poland"
Krono Premium Watchfaces for Wear OS 2.0,"December 18, 2018",1000+,4.0,info@goldenmace.com,"105, The Jewel building, Tata Road No.3, Opera house, Charni Road (East), Mumbai - 400004, MH, INDIA"
Silent Presentation Timer,"February 23, 2019",10000+,4.3,papacut@seznam.cz,
Watch Face - Flat Interactive,"December 21, 2017",10000+,3.7,smartartstudio6.android@gmail.com,
Black Metal 2 HD WatchFace Widget & Live Wallpaper,"January 31, 2019",10000+,4.2,deniteappz@gmail.com,"21 Carlton Street
Toronto, Ontario"
S7 Airlines,"April 30, 2019",1000000+,4.6,mobile.support@s7.ru,
Silent Metronome,"November 27, 2018",500+,5.0,paschkel33@gmail.com,
Ladybug in Phone Funny joke,"March 28, 2019",500000+,4.3,just4funhelp@gmail.com,"Just4Fun Mobile Sp. z o.o.
Polna 31, 05-800 Pruszk√≥w, Poland"
Origin Watch Face,"March 14, 2019",1000+,4.2,support@sooon.ch,"Sooon SA
Rue St-Honor√© 10
2000 Neuch√¢tel
Switzerland"
Onewheel,"April 26, 2019",10000+,3.7,info@onewheel.com,
Steam Punk HD Watch Face Widget & Live Wallpaper,"March 15, 2019",1000+,4.4,deniteappz@gmail.com,"21 Carlton Street
Toronto, Ontario"
Abs Challenge,"October 17, 2018",10000+,3.5,kodlan@gmail.com,
School Bell Sound,"September 5, 2018",100000+,4.2,just4funhelp@gmail.com,"Just4Fun Mobile Sp. z o.o.
Polna 31, 05-800 Pruszk√≥w, Poland"
Retro LCD Wear Watchface,"March 3, 2017",100000+,4.2,info@bytecarousel.com,
SwissClock Watch Face,"February 25, 2019",10000+,4.2,support@sooon.ch,"Sooon SA
Rue St-Honor√© 10
2000 Neuch√¢tel
Switzerland"
Time Machine Watch Face,"March 23, 2018",10000+,4.1,support@sooon.ch,"Sooon SA
Rue St-Honor√© 10
2000 Neuch√¢tel
Switzerland"
Unicorn on screen: Neighing joke,"July 15, 2018",100000+,4.7,just4funhelp@gmail.com,"Just4Fun Mobile Sp. z o.o.
Polna 31, 05-800 Pruszk√≥w, Poland"
Emporio Armani Watch Faces,"February 25, 2019",50000+,4.2,emporioarmaniconnected@wearablessupport.com,
Fly High watchface by Pluto,"March 21, 2019",5000+,4.5,watchfacedesigner@gmail.com,"TunTun Building 10F, 164, Nonhyeon-ro, Gangnam-gu, Seoul, Republic of Korea"
Message Notifier Pro - individual sound or remove,"May 14, 2019",10000+,3.8,minds.appli.spt@gmail.com,"6-choume
Fukawa, Asakita-ku,Hiroshima-shi
Hiroshima, Japan"
Broadlink RM Plugin Lite,"April 25, 2018",50000+,3.1,support@originally.us,"#04-10
One Sims Lane
Singapore 387355"
Laser Sword,"January 11, 2018",500000+,4.0,just4funhelp@gmail.com,"Just4Fun Mobile Sp. z o.o.
Polna 31, 05-800 Pruszk√≥w, Poland"
Funky Machine Watch Face,"April 12, 2017",10000+,4.4,wearables@boost.solutions,"Ukraine, 02081, Kiev, Darnitskij area, Anna Akhmatova street, 22, office 4009"
Sound Meter HQ,"August 22, 2018",500000+,4.4,just4funhelp@gmail.com,"Just4Fun Mobile Sp. z o.o.
Polna 31, 05-800 Pruszk√≥w, Poland"
Comic Pow HD Watch Face Widget & Live Wallpaper,"April 12, 2019",1000+,4.1,deniteappz@gmail.com,"21 Carlton Street
Toronto, Ontario"
Word Search Wear - Find words on the watch,"April 10, 2019",500+,3.0,support@tocapp.com,"Calle Via Augusta, S/N, Centro Cedes, 12194, Vall d‚ÄôAlba, Castell√≥n, Comunidad Valenciana, Espa√±a."
Frog walking on screen joke,"August 17, 2018",500000+,4.5,just4funhelp@gmail.com,"Just4Fun Mobile Sp. z o.o.
Polna 31, 05-800 Pruszk√≥w, Poland"
Wear Maps,"May 2, 2018",10000+,3.5,develop.mallumo@gmail.com,02301
Timerro - Interval Timer,"July 26, 2017",5000+,3.5,contact@timerro.com,"ul. Nickla 23/10
41-908 Bytom
POLSKA"
Variable Gravity - Jump Wear Game,"February 9, 2019",10000+,2.8,support@tocapp.com,"Calle Via Augusta, S/N, Centro Cedes, 12194, Vall d‚ÄôAlba, Castell√≥n, Comunidad Valenciana, Espa√±a."
VREME Watch Face,"April 29, 2018",5000+,4.3,yohohoasakura@gmail.com,"Bulgaria, Gorna Oryahovitsa, Borima 17b"
Rocklogger,"February 19, 2018",50000+,4.4,rockgecko.development@gmail.com,"PO Box 811
Strathfieldsaye, VIC 3551"
Watch Face - Retro Interactive,"December 22, 2017",5000+,3.2,smartartstudio6.android@gmail.com,
Simplistic Analog Watch Face,"March 19, 2018",10000+,4.2,shashwat767@gmail.com,"B1/16 Raagdari,
D.P.Road, Aundh,
Pune - 411007
Maharashtra
India"
myWear File Explorer,"May 4, 2019",10000+,3.8,marcelorsdev@gmail.com,"Vassouras, Rio de Janeiro - Brasil"
Single Tap Games,"January 10, 2018",50000+,4.5,info@foxxy.mobi,"10 Trei Asar st.
Kfar Saba
Israel"
Chrono Shine HD Watch Face Widget & Live Wallpaper,"May 16, 2019",10000+,4.2,deniteappz@gmail.com,"21 Carlton Street
Toronto, Ontario"
Watch Routes,"October 18, 2018",5000+,3.6,appdev.485@gmail.com,"Evergem, BE"
Fall Fashion Watch Faces,"January 15, 2017",50000+,4.0,virginia@fatrussell.com,"428 Braddock Street
Johnstown, PA 15905"
Chrome LED HD Watch Face Widget & Live Wallpaper,"January 31, 2019",10000+,4.4,deniteappz@gmail.com,"21 Carlton Street
Toronto, Ontario"
Deep Blue Watchface,"May 27, 2018",10000+,4.1,contacto@samsoft.es,"Albacete, Espa√±a"
Anytime Gallery for Wear,"April 14, 2018",100000+,3.8,support@moletag.com,"Moletag Ltd
27 Old Gloucester Street
London, WC1N 3AX
United Kingdom"
Wear Battery Full,"April 27, 2017",5000+,4.4,dev@anthonybarrera.com,
3D Print Material Cost Calculator,"October 31, 2018",10000+,3.6,info@arirobinson.ca,"Winnipeg, Manitoba
Canada"
Fly in phone funny joke,"September 17, 2018",500000+,4.0,just4funhelp@gmail.com,"Just4Fun Mobile Sp. z o.o.
Polna 31, 05-800 Pruszk√≥w, Poland"
Lefty - Wear OS on right wrist,"February 4, 2019",1000+,4.1,mutau.co@gmail.com,"Arakawa 4-7-3, Tokyo, Japan"
Watch Face - Material Interactive,"December 22, 2017",5000+,2.9,smartartstudio6.android@gmail.com,
Cerberus Personal Safety (Persona),"February 22, 2019",50000+,3.7,support@cerberusapp.com,"Via Porpora 14
20131 Milano
Italy"
Cockroaches in Phone Ugly Joke,"October 19, 2018",10000+,4.4,just4funhelp@gmail.com,"Just4Fun Mobile Sp. z o.o.
Polna 31, 05-800 Pruszk√≥w, Poland"
Floating Shortcuts ·¥æ·¥ø·¥º | #FloatIt,"May 7, 2019",50000+,4.1,Support@GeeksEmpire.net,"313 Summerwood Lane, Nashville, TN"
Heart Tracker - WearOS / BLE / Garmin Heart Rate,"April 29, 2019",100+,4.5,info@redshoesapps.com,"Delray Beach, FL US"
Wear for Tesla,"April 26, 2019",100+,4.2,servicesdaniel4@gmail.com,1010 Seminole Dr Fort Lauderdale FL 33304
Simple Analog Watch Face,"September 13, 2018",5+,,pitaohappy@gmail.com,"HuaMaoCheng, ChaoYang District, Beijing, China"
Pride Wear - LGBT+ Rainbow Watch Faces for Wear OS,"December 4, 2018",50+,2.5,support@spreefortythree.com,"Paula-F√ºrst-Str. 4
10317 Berlin"
NavBooks - Audiobooks with offline Wear OS support,"May 15, 2019",500+,3.4,joelphilippage@gmail.com,"PO Box 1080
Teec Nos Pos, AZ
86514"
JustRadio,"April 13, 2019",50+,3.7,ase@ish.de,35088 Battenberg
LED watch face | Vintage | Seventies,"October 17, 2018",100+,4.0,veertualia.team@gmail.com,"Rome
Italy"
Atomic Watch Face,"May 6, 2019",1000+,4.3,thema.apps@gmail.com,"Plaisir
FRANCE"
Water Drink Reminder Pro,"December 29, 2017",10000+,4.6,northpark.android@gmail.com,"UNIT047/F, BRIGHT, WAY TOWER, NO.33 MONG KOK ROAD KOWLOON Hong Kong Box 957"
Termina,"February 23, 2018",500+,4.2,contact@ioabsoftware.com,"307 2nd Ave NE
Apt 16
Puyallup, WA 98372"
Terminal Watch Face,"April 16, 2019",1000+,3.6,yohohoasakura@gmail.com,"Bulgaria, Gorna Oryahovitsa, Borima 17b"
Maurice Lacroix - Masterpiece Square Wheel,"September 22, 2017",500+,2.8,facer-support@little-labs.com,"373 Rose Ave
Venice, CA 90291"
GALAXIA (Wear OS),"August 21, 2018",5000+,4.2,support@virtual-gs.com,"Block 50, Bukit Batok Street 31,
#14-01, Singapore 659442"
Titian watch face For Wear OS,"August 2, 2017",1000+,4.1,ammarptn@gmail.com,Pattani 94000
Rio Watch Face,"May 11, 2019",100+,4.5,thema.apps@gmail.com,"Plaisir
FRANCE"
ParKing Premium: Find my car - Automatic,"March 24, 2019",1000+,4.5,il.talent.apps@gmail.com,"Ha Yaen St., Jerusalem, Israel"
LCD watch face | INFLUENCE Ultra Violet digital,"August 23, 2018",10+,5.0,veertualia.team@gmail.com,"Rome
Italy"
White Collar watchface by DesignerKang,"March 25, 2019",10+,4.0,watchfacedesigner@gmail.com,"TunTun Building 10F, 164, Nonhyeon-ro, Gangnam-gu, Seoul, Republic of Korea"
Roto Gears Watch Face for Android Wear,"December 21, 2017",5000+,4.2,rotogears@thedesigncycle.com,"311, BEML Layout,
RR Nagar, Bangalore
560098
KA, INDIA"
Krona Sunlight Watchface,"February 14, 2017",10000+,4.4,mail@simonbarke.com,"701 SW 62nd Blvd
Apt X-169
32607 Gainesville FL
USA"
Skinny Love Watch Face,"November 21, 2018",5000+,4.2,cameron@shameronstudios.com,"PO Box 1837
THOUSAND OAKS CA 91358"
myTuner Radio App: FM Radio + Internet Radio Tuner,"May 17, 2019",5000000+,4.4,help@mytuner.mobi,"Praceta Amaro da Costa,778-3D
4050 Porto"
Squeeze Ctrl,"April 25, 2019",10000+,4.6,info@angrygoatapps.com,"4444 Via Marina #P811
Marina del Rey, CA 90292"
Cronosurf Wave Pro watch,"March 15, 2019",5000+,4.7,fruit4droid@gmail.com,"Franziskanerstr. 16
Munich 81669
Germany"
Breathing Zone,"April 28, 2019",10000+,4.6,help@breathing-zone.com,"PO Box 81042
Whenuapai
Auckland 0662
New Zealand"
WatchChat for WhatsApp,"November 22, 2018",5000+,2.2,alecman95@gmail.com,"Stra√üe des Aufbaus 28
16792 Zehdenick
Germany"
GACW - 2FA TOTP Auth Client for Wear,"May 5, 2019",1000+,3.6,admin@gryb.info,"2309 Noriega St. #97, San Francisco CA 94123"
Lunescope: Moon Viewer,"March 22, 2019",100000+,4.7,lunescope@udellenterprises.com,"1338 Grand Ave, PMB 293
Glenwood Springs, CO 81601
USA"
Tide Table Chart,"July 18, 2018",1000+,3.2,info@appmosaic.com,"2455 West 2nd Ave #305
Vancouver, BC V6K 1J5"
Ultimate Watch 2 watch face,"February 21, 2019",10000+,4.5,ultimate.watch@stefanowatches.com,"Nytorgsgatan
116 40 Stockholm
Sweden"
‚àû Infinity Loop,"March 25, 2019",10000000+,4.6,support@infinitygames.io,"Rua Alves Redol, 3B
2675-285, Odivelas
Portugal"
Authenticator Plus,"December 31, 2018",10000+,4.7,support@authenticatorplus.com,"G005, RT Nagar, Bangalore"
Odyssey Watch Face,"August 4, 2017",50000+,4.4,hans@smartwatchface.co,"Seehauser Str. 14
81379 Munich
Germany"
Dolce Gusto Timer,"May 20, 2019",1000+,4.7,developer.aduilio@gmail.com,Santa Rita do Sapuca√≠ - MG - Brasil
‚åö Watch Face - Ksana Sweep for Android Wear OS,"April 10, 2019",50000+,4.6,martin@appglobe.com,"Paternosterv√§gen 50
121 49 Johanneshov
Stockholm, Sweden"
CryptoWatch,"February 5, 2019",1000+,4.2,support@cuberob.com,"Mercatorplein 6-1
1057CB Amsterdam"
myTuner Radio Pro,"April 17, 2019",10000+,4.3,help@mytuner.mobi,"Praceta Amaro da Costa,778-3D
4050 Porto"
"File Manager Pro for TV, Wear, Cast, USB, Chrome","November 23, 2018",50000+,4.3,support@dworks.io,"26 Rawlings Street, Oran Park, Sydney, Australia - 2570"
Water Drink Reminder,"April 4, 2019",10000000+,4.6,northpark.android@gmail.com,"UNIT047/F, BRIGHT, WAY TOWER, NO.33 MONG KOK ROAD KOWLOON Hong Kong Box 957"
2Elegant Watch Face,"March 30, 2017",5000+,4.1,richface.watch@gmail.com,"3430 Tulln an der Donau
Austria"
"Offline Map Navigation - Live GPS, Locate, Explore","April 16, 2019",1000000+,4.4,info@virtualmaze.com,"new 92, st marys road, alwarpet, chennai 600018 India"
Morphing Watch Face,"May 4, 2019",10000+,4.4,thema.apps@gmail.com,"Plaisir
FRANCE"
Hole19 Golf GPS for Smartwatch,"May 14, 2019",5000+,3.4,help@hole19golf.com,"Largo dos Colegiais 2, 7004-516, √âvora, Portugal"
Skymaster Pilot Watch Face,"July 5, 2017",100000+,4.4,mobile@zuhanden.de,"Seehauser Str. 14
81379 Munich
Germany"
Printoid for OctoPrint [PRO] (3D printing),"May 10, 2019",10000+,4.8,printoid.for.octoprint@gmail.com,"5 Square des Villebenettes
Les Grandes Terres
78160 Marly-Le-Roi"
Wear App Manager,"May 12, 2017",10000+,4.0,wam@udellenterprises.com,"1338 Grand Ave, PMB 293
Glenwood Springs, CO 81601
USA"
Domoticz - Home Automation,"April 25, 2019",10000+,4.4,info@hnogames.nl,"Zwarte Ring 105
1567 ED Assendelft"
LED Watch face with Weather,"March 11, 2019",10000+,4.3,support@wearabledesigns.co.uk,"AdminExcellence Limited trading as Wearable Designs
The Castle House
Newnham
Gloucestershire
GL14 1AE"
Moon Calendar Watch,"July 18, 2018",1000+,3.5,info@appmosaic.com,"2455 West 2nd Ave #305
Vancouver, BC V6K 1J5"
Material Style Watchface,"December 17, 2018",500+,4.8,blueiceshardgames@gmail.com,"Bebelstra√üe 74b
39116 Magdeburg
Deutschland, Sachsen Anhalt"
Initial Watch Face,"February 25, 2019",1000+,4.2,support@sooon.ch,"Sooon SA
Rue St-Honor√© 10
2000 Neuch√¢tel
Switzerland"
Manager Watch Face,"March 29, 2019",10000+,3.8,support@sooon.ch,"Sooon SA
Rue St-Honor√© 10
2000 Neuch√¢tel
Switzerland"
Watch Face Military Digital,"April 21, 2017",10000+,4.1,richface.watch@gmail.com,"3430 Tulln an der Donau
Austria"
Flip Clock Watch Face for Wear OS,"May 27, 2018",10000+,4.4,academyextreme@gmail.com,"41-909 Bytom, Krotka 7
